City_ID,City,Country,Lat,Lng,Max Temp,Humidity,Cloudiness,Wind Speed,Current Description
0,Ruidoso,US,33.3317,-105.673,54.14,94,100,3.44,overcast clouds
1,Kahului,US,20.8947,-156.47,76.84,73,0,6.91,clear sky
2,Funtua,NG,11.5233,7.3081,87.87,21,40,9.55,scattered clouds
3,Shingu,JP,33.7333,135.9833,68.86,89,100,5.14,overcast clouds
4,Lebu,CL,-37.6167,-73.65,55.18,78,87,13.06,overcast clouds
5,Aktash,RU,50.3,87.7333,31.21,43,74,5.35,broken clouds
6,Albany,US,42.6001,-73.9662,53.89,68,100,1.41,overcast clouds
7,Rikitea,PF,-23.1203,-134.9692,68.58,66,88,21.03,overcast clouds
8,Vila Velha,BR,-20.3297,-40.2925,76.95,77,40,4.61,scattered clouds
9,Ribeira Grande,PT,38.5167,-28.7,70.2,49,20,17.27,few clouds
10,Buraydah,SA,26.326,43.975,93.65,12,0,2.64,clear sky
11,Busselton,AU,-33.65,115.3333,51.94,87,19,10.22,few clouds
12,Esperance,AU,-33.8667,121.9,58.84,87,87,19.28,overcast clouds
13,Punta Arenas,CL,-53.15,-70.9167,51.91,50,0,18.41,clear sky
14,Kapaa,US,22.0752,-159.319,77.32,83,100,12.66,overcast clouds
15,Bure,ET,10.7,37.0667,59.16,88,45,2.08,light rain
16,Olafsvik,IS,64.8945,-23.7142,36.36,68,81,25.12,broken clouds
17,Hermanus,ZA,-34.4187,19.2345,77.81,77,29,4.47,light rain
18,Bredasdorp,ZA,-34.5322,20.0403,70.77,67,41,7.38,light rain
19,Dutlwe,BW,-23.9833,23.9,87.15,19,99,7.96,overcast clouds
20,Kununurra,AU,-15.7667,128.7333,84.18,61,100,0.0,overcast clouds
21,Kysyl-Syr,RU,63.8986,122.7617,26.02,94,99,4.56,overcast clouds
22,Airai,TL,-8.9266,125.4092,62.62,75,100,2.17,overcast clouds
23,New Norfolk,AU,-42.7826,147.0587,51.3,63,100,3.96,overcast clouds
24,Dikson,RU,73.5069,80.5464,31.1,92,91,10.54,overcast clouds
25,Hobart,AU,-42.8794,147.3294,51.66,65,98,12.66,overcast clouds
26,Ushuaia,AR,-54.8,-68.3,46.06,53,0,12.66,clear sky
27,Cape Town,ZA,-33.9258,18.4232,81.01,41,0,9.22,clear sky
28,Puerto Del Rosario,ES,28.5004,-13.8627,78.55,69,20,8.05,few clouds
29,La Ronge,CA,55.1001,-105.2842,26.85,86,75,2.3,broken clouds
30,Atuona,PF,-9.8,-139.0333,75.96,74,7,11.86,clear sky
31,Maldonado,UY,-34.6667,-54.9167,60.22,93,100,11.97,overcast clouds
32,Coachella,US,33.6803,-116.1739,69.26,54,90,1.79,overcast clouds
33,Marovoay,MG,-16.1,46.6333,79.99,53,16,11.65,few clouds
34,Vostok,RU,46.4856,135.8833,35.76,84,87,3.62,overcast clouds
35,Talnakh,RU,69.4865,88.3972,31.21,92,100,8.77,overcast clouds
36,Arys,KZ,42.4252,68.795,67.73,29,100,9.86,overcast clouds
37,Berdigestyakh,RU,62.0989,126.6992,21.38,98,93,4.65,overcast clouds
38,Nanortalik,GL,60.1432,-45.2371,37.45,71,3,4.85,clear sky
39,Provideniya,RU,64.3833,-173.3,25.09,81,100,10.8,overcast clouds
40,Guerrero Negro,MX,27.9769,-114.0611,71.04,60,99,3.96,overcast clouds
41,Marquette,US,46.5333,-87.6335,41.34,88,100,6.11,overcast clouds
42,Saldanha,ZA,-33.0117,17.9442,77.05,68,14,11.48,few clouds
43,Avera,US,33.194,-82.5271,68.56,41,0,4.85,clear sky
44,Siderno,IT,38.2779,16.302,71.33,62,2,3.58,clear sky
45,Saint-Philippe,RE,-21.3585,55.7679,72.99,77,74,7.14,broken clouds
46,Pryamitsyno,RU,51.6561,35.9314,48.74,66,4,4.27,clear sky
47,Maur,IN,30.0833,75.25,77.65,32,0,2.95,clear sky
48,Meulaboh,ID,4.1363,96.1285,74.97,84,100,6.51,moderate rain
49,Hithadhoo,MV,-0.6,73.0833,81.37,69,99,12.26,overcast clouds
50,Dingle,PH,10.9995,122.6711,77.5,85,99,5.59,overcast clouds
51,Pisco,PE,-13.7,-76.2167,64.45,72,0,8.05,clear sky
52,Bluff,NZ,-46.6,168.3333,50.81,70,46,23.13,scattered clouds
53,Ancud,CL,-41.8697,-73.8203,54.79,75,90,4.79,overcast clouds
54,Pangai,TO,-19.8,-174.35,77.13,85,5,8.37,clear sky
55,Mindelo,CV,16.8901,-24.9804,83.75,54,40,14.97,scattered clouds
56,Guanica,PR,17.9716,-66.908,88.97,71,14,6.67,few clouds
57,Ayagoz,KZ,47.9714,80.4392,57.27,21,100,8.12,overcast clouds
58,Kjollefjord,NO,70.9457,27.3465,46.45,87,100,6.91,overcast clouds
59,Khatanga,RU,71.9667,102.5,13.57,93,14,9.93,few clouds
60,Tamandare,BR,-8.7597,-35.1047,80.73,67,41,13.22,scattered clouds
61,Xihe,CN,31.6864,113.4659,67.19,51,6,6.93,clear sky
62,Vaini,TO,-21.2,-175.2,71.76,100,75,3.44,broken clouds
63,Yumen,CN,40.2833,97.2,49.24,22,18,6.96,few clouds
64,Halifax,CA,44.6453,-63.5724,64.69,94,100,6.91,overcast clouds
65,Mahebourg,MU,-20.4081,57.7,73.69,73,40,6.91,scattered clouds
66,Mazagao,BR,-0.115,-51.2894,93.25,46,42,5.84,scattered clouds
67,Honiara,SB,-9.4333,159.95,77.38,86,54,2.59,moderate rain
68,Huilong,CN,31.8111,121.655,66.92,73,0,13.29,clear sky
69,Magadan,RU,59.5667,150.8,20.17,72,57,6.85,broken clouds
70,Yellowknife,CA,62.456,-114.3525,27.12,86,100,17.27,light snow
71,Hasaki,JP,35.7333,140.8333,66.6,72,100,6.91,overcast clouds
72,Takoradi,GH,4.8845,-1.7554,80.64,78,99,2.77,moderate rain
73,Svetlyy,RU,54.675,20.1347,60.85,86,100,10.42,overcast clouds
74,Hambantota,LK,6.1241,81.1185,80.94,83,95,9.22,overcast clouds
75,Geraldton,AU,-28.7667,114.6,61.21,77,100,18.41,overcast clouds
76,San Patricio,US,28.017,-97.5169,84.85,57,29,12.21,scattered clouds
77,Archidona,ES,37.0965,-4.3887,80.91,23,100,9.8,overcast clouds
78,Altay,CN,47.8667,88.1167,49.62,27,88,8.57,overcast clouds
79,Georgetown,MY,5.4112,100.3354,78.89,90,20,3.44,few clouds
80,East London,ZA,-33.0153,27.9116,67.14,82,20,17.27,light rain
81,Aksu,CN,41.1231,80.2644,60.96,20,72,2.53,broken clouds
82,Tuktoyaktuk,CA,69.4541,-133.0374,21.2,86,100,18.41,overcast clouds
83,Chimore,BO,-16.9833,-65.1333,92.73,37,94,3.2,overcast clouds
84,Nazret,ET,8.55,39.2667,73.94,28,0,15.12,clear sky
85,Port Alfred,ZA,-33.5906,26.891,66.18,89,97,5.99,overcast clouds
86,Constantine,DZ,36.365,6.6147,87.21,32,20,8.05,few clouds
87,Iqaluit,CA,63.7506,-68.5145,33.53,100,100,4.0,light rain
88,Disna,BY,55.568,28.1971,53.6,64,100,15.82,overcast clouds
89,Castro,BR,-24.7911,-50.0119,62.92,89,99,1.99,overcast clouds
90,Selikhino,RU,50.3672,137.4996,38.03,73,73,3.6,broken clouds
91,Baglung,NP,28.2719,83.5898,60.57,76,0,5.28,clear sky
92,Corner Brook,CA,48.9667,-57.9484,46.56,76,100,4.43,overcast clouds
93,Ahipara,NZ,-35.1667,173.1667,52.84,91,55,3.27,broken clouds
94,San Jose,US,37.3394,-121.895,62.74,74,75,6.91,broken clouds
95,Barrow,US,71.2906,-156.7887,28.42,74,100,18.41,overcast clouds
96,Ponta Do Sol,PT,32.6667,-17.1,78.01,63,7,4.88,clear sky
97,San Rafael,AR,-34.6177,-68.3301,71.58,24,24,8.95,few clouds
98,Tuatapere,NZ,-46.1333,167.6833,45.27,87,47,4.29,scattered clouds
99,Kudahuvadhoo,MV,2.6708,72.8944,81.54,76,100,17.63,overcast clouds
100,Chokurdakh,RU,70.6333,147.9167,13.53,90,99,10.54,overcast clouds
101,Cabo San Lucas,MX,22.8909,-109.9124,72.61,72,48,10.78,scattered clouds
102,Vardo,NO,70.3705,31.1107,44.58,87,75,12.66,broken clouds
103,Tiksi,RU,71.6872,128.8694,19.24,89,91,16.06,overcast clouds
104,Salina,US,38.8403,-97.6114,52.02,78,0,4.61,clear sky
105,Padang,ID,-0.9492,100.3543,75.25,91,100,3.62,moderate rain
106,Torbay,CA,47.6666,-52.7314,54.57,84,75,8.05,broken clouds
107,Arraial Do Cabo,BR,-22.9661,-42.0278,76.86,61,20,16.11,few clouds
108,Venezuela,VE,8.0,-66.0,87.57,59,74,12.48,broken clouds
109,Fort Nelson,CA,58.8053,-122.7002,27.99,86,20,5.75,few clouds
110,Fort-Shevchenko,KZ,44.5086,50.263,54.45,53,100,18.59,overcast clouds
111,Port Elizabeth,ZA,-33.918,25.5701,80.1,87,0,14.97,clear sky
112,Warrington,GB,53.3925,-2.5802,57.87,69,20,0.0,few clouds
113,Iquitos,PE,-3.7481,-73.2472,77.04,94,100,3.44,overcast clouds
114,Hilo,US,19.7297,-155.09,80.28,95,100,5.75,light rain
115,Leningradskiy,RU,69.3833,178.4167,15.03,94,99,6.42,overcast clouds
116,Manakara,MG,-22.1333,48.0167,72.66,74,0,12.1,clear sky
117,Hongjiang,CN,27.11,109.9956,64.99,57,2,3.11,clear sky
118,Puerto Ayora,EC,-0.7393,-90.3518,69.76,88,96,5.99,overcast clouds
119,Luderitz,NA,-26.6481,15.1594,64.44,78,5,11.99,clear sky
120,Mehran,IR,33.1222,46.1646,88.83,14,99,6.08,overcast clouds
121,Tura,IN,25.5198,90.2201,70.68,94,7,4.05,clear sky
122,Matay,EG,28.419,30.7792,83.7,26,0,13.04,clear sky
123,Mataura,NZ,-46.1927,168.8643,46.2,87,99,3.02,overcast clouds
124,Brewster,US,41.3973,-73.6171,59.27,72,0,0.0,clear sky
125,Chuy,UY,-33.6971,-53.4616,63.79,87,83,9.24,broken clouds
126,Severo-Kurilsk,RU,50.6789,156.125,40.82,68,43,3.6,scattered clouds
127,Ormara,PK,25.2088,64.6357,81.39,69,0,9.46,clear sky
128,Richards Bay,ZA,-28.783,32.0377,70.23,68,89,11.32,overcast clouds
129,Wuda,CN,39.4994,106.7117,46.78,26,0,2.73,clear sky
130,Dudinka,RU,69.4058,86.1778,31.62,89,97,11.77,overcast clouds
131,Cherskiy,RU,68.75,161.3,6.17,97,95,6.8,overcast clouds
132,Lorengau,PG,-2.0226,147.2712,81.14,79,80,6.22,broken clouds
133,Darhan,MN,49.4867,105.9228,30.78,49,0,7.85,clear sky
134,Coquimbo,CL,-29.9533,-71.3436,55.13,87,100,5.75,overcast clouds
135,Kapoeta,SS,4.7717,33.5903,90.99,30,100,14.32,overcast clouds
136,Alice Springs,AU,-23.7,133.8833,67.55,88,40,3.44,scattered clouds
137,Yuncheng,CN,35.0231,110.9928,59.23,31,84,3.04,broken clouds
138,Bambous Virieux,MU,-20.3428,57.7575,73.65,73,40,6.91,scattered clouds
139,Kruisfontein,ZA,-34.0033,24.7314,77.88,60,100,13.73,overcast clouds
140,Avarua,CK,-21.2078,-159.775,73.45,88,75,8.05,broken clouds
141,Abu Samrah,SY,35.3029,37.1841,80.29,30,22,9.33,few clouds
142,Svetlogorsk,BY,52.6333,29.7333,48.7,59,58,10.69,broken clouds
143,Pandan,PH,14.0453,124.1694,80.26,87,95,7.85,overcast clouds
144,Portland,US,45.5234,-122.6762,69.78,59,0,0.0,clear sky
145,Sioux Lookout,CA,50.1001,-91.917,33.87,93,100,18.41,mist
146,Bethel,US,41.3712,-73.414,59.54,71,0,1.99,clear sky
147,Faanui,PF,-16.4833,-151.75,78.87,67,7,17.6,clear sky
148,Qaanaaq,GL,77.484,-69.3632,32.63,90,100,7.07,light snow
149,Necochea,AR,-38.5473,-58.7368,65.62,44,48,7.96,scattered clouds
150,Dinghai,CN,26.2847,119.7936,72.52,84,100,25.1,overcast clouds
151,Polunochnoye,RU,60.8697,60.4153,38.73,92,100,6.64,overcast clouds
152,Mercedes,AR,-34.6515,-59.4307,67.03,38,36,11.34,scattered clouds
153,Porto Belo,BR,-27.1578,-48.5531,72.68,98,100,3.27,overcast clouds
154,Xuzhou,CN,34.1805,117.1571,58.8,47,98,13.47,overcast clouds
155,Manta,EC,-0.95,-80.7333,71.38,88,100,9.22,overcast clouds
156,Pevek,RU,69.7008,170.3133,10.51,96,98,4.16,overcast clouds
157,Kaitangata,NZ,-46.2817,169.8464,48.87,83,97,5.06,overcast clouds
158,Inta,RU,66.0317,60.1659,37.62,96,100,12.28,overcast clouds
159,Mafinga,TZ,-7.25,35.0667,89.65,19,13,4.12,few clouds
160,Usinsk,RU,65.9939,57.5281,37.89,94,95,8.25,overcast clouds
161,Muros,ES,42.7762,-9.0603,65.08,87,78,12.41,broken clouds
162,Peace River,CA,56.2501,-117.286,28.71,86,20,4.61,few clouds
163,Caravelas,BR,-17.7125,-39.2481,77.45,65,65,6.69,broken clouds
164,Sfantu Gheorghe,RO,45.8667,25.7833,59.94,52,1,1.41,clear sky
165,Kargil,IN,34.5667,76.1,46.85,23,9,4.99,clear sky
166,Komsomolskoye,RU,55.2567,47.5461,42.71,75,18,5.14,few clouds
167,Kavieng,PG,-2.5744,150.7967,81.55,79,79,11.59,light rain
168,Shelburne,CA,44.0787,-80.2041,47.12,74,32,14.34,scattered clouds
169,Wapakoneta,US,40.5678,-84.1936,57.24,46,0,9.22,clear sky
170,Marrakesh,MA,31.6315,-8.0083,80.67,34,75,23.02,sand
171,Maniitsoq,GL,65.4167,-52.9,38.01,65,100,16.06,overcast clouds
172,Lima,PE,-12.0432,-77.0282,62.91,80,100,9.22,overcast clouds
173,Ambon,ID,-3.6954,128.1814,78.94,94,40,3.44,scattered clouds
174,Howell,US,42.6073,-83.9294,53.26,72,0,4.61,clear sky
175,Sao Filipe,CV,14.8961,-24.4956,77.58,71,8,6.26,clear sky
176,Baruun-Urt,MN,46.6806,113.2792,26.58,47,6,8.03,clear sky
177,Diego De Almagro,CL,-26.3667,-70.05,75.42,14,0,6.96,clear sky
178,Dapaong,TG,10.8639,0.205,89.73,43,3,4.65,clear sky
179,Chara,RU,56.9064,118.2631,20.16,73,48,3.38,scattered clouds
180,Constitucion,CL,-35.3333,-72.4167,62.69,63,22,14.23,few clouds
181,Thompson,CA,55.7435,-97.8558,21.36,93,20,8.05,few clouds
182,Thinadhoo,MV,0.5333,72.9333,82.58,67,100,15.12,overcast clouds
183,Rawson,AR,-43.3002,-65.1023,52.61,70,100,14.56,overcast clouds
184,Sandnessjoen,NO,66.0217,12.6316,48.31,69,0,3.44,clear sky
185,Anadyr,RU,64.75,177.4833,12.7,92,40,2.24,scattered clouds
186,Egvekinot,RU,66.3167,-179.1667,11.14,86,97,12.86,overcast clouds
187,Huaibei,CN,33.9744,116.7917,59.86,50,99,14.45,overcast clouds
188,Bubaque,GW,11.2833,-15.8333,83.3,65,66,4.63,broken clouds
189,San Quintin,MX,30.4833,-115.95,66.15,65,0,7.09,clear sky
190,Moissala,TD,8.3404,17.7663,85.14,68,97,4.18,overcast clouds
191,Gushikawa,JP,26.3544,127.8686,81.63,83,40,10.36,scattered clouds
192,Majene,ID,-3.5403,118.9707,79.93,85,100,3.11,overcast clouds
193,Kaiserslautern,DE,49.45,7.75,67.78,61,20,3.44,few clouds
194,Westport,US,41.1415,-73.3579,62.82,77,0,8.05,clear sky
195,Zaraza,VE,9.3503,-65.3245,88.83,54,54,5.35,broken clouds
196,Narsaq,GL,60.9167,-46.05,37.62,66,8,1.05,clear sky
197,Batagay-Alyta,RU,67.8006,130.4114,14.32,81,100,6.49,overcast clouds
198,Platanos,GR,37.6667,21.6167,74.05,52,0,4.92,clear sky
199,Kodiak,US,57.79,-152.4072,47.71,93,100,8.05,mist
200,Jamestown,US,42.097,-79.2353,52.52,53,75,8.99,broken clouds
201,Zhigansk,RU,66.7697,123.3711,27.93,95,100,9.13,light snow
202,Fortuna,US,40.5982,-124.1573,55.74,90,100,0.0,overcast clouds
203,Nikolskoye,RU,59.7035,30.7861,49.91,88,97,11.32,overcast clouds
204,Aksarka,RU,66.5606,67.7975,38.3,97,100,2.37,overcast clouds
205,Ginda,IN,30.6945,78.4932,56.03,78,1,4.38,clear sky
206,Pagudpud,PH,18.5616,120.7868,78.62,81,100,5.7,light rain
207,Zaozerne,UA,45.1582,33.2787,57.92,74,47,21.83,scattered clouds
208,Lompoc,US,34.6391,-120.4579,61.79,87,100,4.61,overcast clouds
209,Sao Jose Da Coroa Grande,BR,-8.8978,-35.1478,80.4,68,29,13.69,scattered clouds
210,Kargasok,RU,59.0556,80.8572,35.06,78,84,3.38,broken clouds
211,Xining,CN,36.6167,101.7667,43.32,44,0,2.19,clear sky
212,Ilulissat,GL,69.2167,-51.1,42.82,36,100,8.05,overcast clouds
213,Shitanjing,CN,39.2342,106.3439,44.55,29,0,4.07,clear sky
214,Ilo,PE,-17.6394,-71.3375,65.89,65,15,8.55,few clouds
215,Hailey,US,43.5196,-114.3153,37.26,52,0,13.8,clear sky
216,Mandera,KE,3.9366,41.867,90.97,37,86,11.9,overcast clouds
217,Gimbi,ET,9.1667,35.8333,59.81,88,59,2.21,moderate rain
218,Manaure,CO,11.7751,-72.4445,86.0,68,33,11.92,scattered clouds
219,Arman,RU,59.7,150.1667,20.55,65,68,6.35,broken clouds
220,Kwekwe,ZW,-18.9281,29.8149,86.74,24,99,11.41,overcast clouds
221,Ostrovnoy,RU,68.0531,39.5131,46.35,87,100,21.92,overcast clouds
222,Atar,MR,20.5169,-13.0499,101.25,14,27,5.37,scattered clouds
223,Flin Flon,CA,54.7682,-101.865,21.04,79,20,6.91,few clouds
224,Nuevo Progreso,MX,23.1667,-97.95,82.47,80,21,5.44,few clouds
225,Comodoro Rivadavia,AR,-45.8667,-67.5,53.46,66,20,9.22,few clouds
226,San Francisco,US,37.7749,-122.4194,62.83,83,100,6.91,overcast clouds
227,Mar Del Plata,AR,-38.0023,-57.5575,62.62,82,0,8.99,clear sky
228,Lumphat,KH,13.4878,106.9816,72.34,97,77,2.19,heavy intensity rain
229,Holiday,US,28.1878,-82.7395,83.17,74,0,8.01,clear sky
230,Pontianak,ID,-0.0333,109.3333,75.18,100,75,2.3,light rain
231,Camacha,PT,33.0833,-16.3333,72.82,64,20,8.05,few clouds
232,Byron Bay,AU,-28.65,153.6167,62.94,77,92,7.94,overcast clouds
233,Tawau,MY,4.2498,117.8871,77.13,94,98,2.28,overcast clouds
234,Butaritari,KI,3.0707,172.7902,80.76,71,100,18.19,overcast clouds
235,Klaksvik,FO,62.2266,-6.589,47.32,81,57,17.74,light rain
236,Upernavik,GL,72.7868,-56.1549,31.6,98,100,7.92,snow
237,Marawi,PH,7.9986,124.2928,70.77,91,100,3.47,moderate rain
238,Koshurnikovo,RU,54.1667,93.3,30.34,70,19,4.14,few clouds
239,Souillac,MU,-20.5167,57.5167,73.78,73,40,6.91,scattered clouds
240,Novikovo,RU,51.1537,37.8879,43.88,64,5,5.14,clear sky
241,Roald,NO,62.5833,6.1333,52.72,71,75,4.61,light rain
242,Northam,GB,51.0333,-4.2167,61.61,72,67,17.56,broken clouds
243,Nishihara,JP,26.1842,127.7558,81.68,78,100,16.11,overcast clouds
244,Mmathubudukwane,BW,-24.6,26.4333,83.62,33,97,14.63,overcast clouds
245,Danielskuil,ZA,-28.1887,23.5395,79.72,23,95,6.11,overcast clouds
246,Hofn,IS,64.2539,-15.2082,48.22,61,75,20.71,broken clouds
247,Basco,PH,20.4487,121.9702,82.35,87,100,16.49,overcast clouds
248,Tsaratanana,MG,-16.7833,47.65,82.8,26,11,3.85,few clouds
249,Del Rio,US,29.3627,-100.8968,75.22,90,100,9.22,overcast clouds
250,Rawah,IQ,34.4816,41.9093,87.37,15,78,7.72,broken clouds
251,Lavrentiya,RU,65.5833,-171.0,29.5,76,100,24.9,overcast clouds
252,Bambanglipuro,ID,-7.95,110.2833,77.56,86,94,6.82,overcast clouds
253,Oktyabrskoye,RU,43.0645,44.7417,51.94,93,100,11.18,overcast clouds
254,Sitka,US,57.0531,-135.33,51.69,93,100,0.0,overcast clouds
255,Najran,SA,17.4924,44.1277,83.05,21,2,10.31,clear sky
256,Mount Gambier,AU,-37.8333,140.7667,44.51,100,20,3.44,few clouds
257,Victoria,HK,22.2855,114.1577,86.38,50,100,13.0,overcast clouds
258,Morgan City,US,29.6994,-91.2068,79.0,94,0,3.44,clear sky
259,Jinxiang,CN,27.4327,120.6062,70.74,82,100,10.94,overcast clouds
260,Ailigandi,PA,9.2333,-78.0167,83.05,75,77,2.37,light rain
261,Praia,CV,14.9215,-23.5087,84.74,54,20,10.36,few clouds
262,Koslan,RU,63.4564,48.8989,43.66,89,99,5.86,overcast clouds
263,Mangrol,IN,21.1167,70.1167,82.56,58,15,4.03,few clouds
264,Port Hawkesbury,CA,45.6169,-61.3485,60.96,99,100,8.01,mist
265,Alekseyevsk,RU,57.8406,108.3492,27.82,84,94,4.18,overcast clouds
266,Sao Joao Da Barra,BR,-21.6403,-41.0511,78.89,68,61,11.36,broken clouds
267,Urusha,RU,54.05,122.9,26.22,61,0,5.68,clear sky
268,Mount Forest,CA,43.9795,-80.7221,47.53,70,67,8.05,broken clouds
269,Bengkulu,ID,-3.8004,102.2655,75.92,89,98,2.1,overcast clouds
270,Haapiti,PF,-17.5667,-149.8667,73.13,68,14,17.02,few clouds
271,Ushtobe,KZ,45.2514,77.9838,61.05,28,98,3.8,overcast clouds
272,Vaitape,PF,-16.5167,-151.75,78.85,67,8,17.56,clear sky
273,Havre-Saint-Pierre,CA,50.2334,-63.5986,52.16,93,100,9.22,light rain
274,Mehamn,NO,71.0357,27.8492,46.35,87,100,6.91,overcast clouds
275,Port Maria,JM,18.3685,-76.8895,89.06,83,9,5.55,clear sky
276,Laguna,US,38.421,-121.4238,60.17,88,0,8.05,clear sky
277,Salihorsk,BY,52.7876,27.5415,52.39,57,100,12.88,overcast clouds
278,Evensk,RU,61.95,159.2333,16.05,72,74,7.78,broken clouds
279,Itoman,JP,26.1247,127.6694,82.42,78,100,16.11,overcast clouds
280,Saint-Pierre,RE,-21.3393,55.4781,73.08,64,100,4.61,overcast clouds
281,Asyut,EG,27.181,31.1837,85.53,24,0,11.39,clear sky
282,Pangnirtung,CA,66.1451,-65.7125,40.95,99,100,5.48,moderate rain
283,Carnarvon,AU,-24.8667,113.6333,65.77,69,0,22.35,clear sky
284,Mezen,RU,65.8522,44.24,44.28,92,79,9.95,broken clouds
285,Okhotsk,RU,59.3833,143.3,27.21,53,27,8.43,scattered clouds
286,Euclides Da Cunha,BR,-10.5075,-39.0158,90.34,21,0,10.2,clear sky
287,Kamenka,RU,51.3223,42.7678,42.46,61,31,5.03,scattered clouds
288,Manchester,GB,53.4809,-2.2374,58.14,61,73,3.44,broken clouds
289,Palasa,IN,18.7667,84.4167,77.7,87,16,3.04,few clouds
290,Poshekhonye,RU,58.4993,39.1353,46.38,74,12,11.39,few clouds
291,Aklavik,CA,68.2191,-135.0107,24.8,80,100,6.91,light snow
292,Rovaniemi,FI,66.5,25.7167,49.41,100,100,9.22,shower rain
293,Inzer,RU,54.2167,57.5556,41.05,90,100,3.29,moderate rain
294,Faya,SA,18.3851,42.4509,75.31,33,45,6.04,scattered clouds
295,Matara,LK,5.9485,80.5353,77.09,88,100,6.33,moderate rain
296,Pokhara,NP,28.2333,83.9833,65.05,74,2,5.06,clear sky
297,Alta Floresta,BR,-9.8756,-56.0861,80.42,74,0,3.44,clear sky
298,Nelson Bay,AU,-32.7167,152.15,64.0,95,77,4.0,broken clouds
299,Millinocket,US,45.6573,-68.7098,55.51,71,0,9.22,clear sky
300,Yakeshi,CN,49.2833,120.7333,25.57,75,21,5.95,few clouds
301,Moranbah,AU,-22.0016,148.0466,72.16,78,23,10.0,few clouds
302,Yulara,AU,-25.2406,130.9889,78.64,44,1,24.16,clear sky
303,Stornoway,GB,58.2093,-6.3865,50.94,79,40,20.71,scattered clouds
304,Peniche,PT,39.3558,-9.3811,72.28,78,49,13.04,scattered clouds
305,Calarasi,MD,47.2544,28.3081,53.31,38,0,4.21,clear sky
306,Qeshm,IR,26.9581,56.2719,93.07,58,0,11.48,clear sky
307,Taoudenni,ML,22.6783,-3.9836,102.99,8,97,12.44,overcast clouds
308,Katsuura,JP,35.1333,140.3,72.0,75,99,5.93,overcast clouds
309,Ust-Tsilma,RU,65.441,52.1498,41.2,94,100,5.26,overcast clouds
310,Koungheul,SN,13.9833,-14.8,94.5,36,10,4.18,clear sky
311,Tilichiki,RU,60.4667,166.1,23.79,95,100,6.78,light snow
312,Emerald,AU,-23.5333,148.1667,66.34,82,59,7.74,light rain
313,Cabedelo,BR,-6.9811,-34.8339,84.87,67,26,18.84,scattered clouds
314,Gizo,SB,-8.103,156.8419,82.35,73,100,8.21,overcast clouds
315,Tecoanapa,MX,16.5167,-98.75,81.64,79,100,2.66,light rain
316,Baft,IR,29.234,56.6057,65.84,19,1,6.02,clear sky
317,Kenai,US,60.5544,-151.2583,40.14,94,40,5.75,scattered clouds
318,Elko,US,41.0002,-115.5012,45.64,33,0,8.99,clear sky
319,Kamaishi,JP,39.2667,141.8833,60.51,85,84,8.57,broken clouds
320,Te Anau,NZ,-45.4167,167.7167,43.84,89,44,2.44,scattered clouds
321,Lebork,PL,54.5392,17.7501,63.91,73,80,9.73,broken clouds
322,Longyearbyen,SJ,78.2186,15.6401,26.44,68,75,11.5,broken clouds
323,Skibbereen,IE,51.55,-9.2667,57.11,95,100,4.85,light rain
324,Madingou,CG,-4.1536,13.55,85.08,61,100,3.49,light rain
325,Tarancon,ES,40.0085,-3.0073,77.38,24,100,12.26,overcast clouds
326,Malaryta,BY,51.7905,24.074,60.24,60,100,10.56,overcast clouds
327,Sorland,NO,67.667,12.6934,46.26,75,100,6.49,overcast clouds
328,Jalu,LY,29.0331,21.5482,79.88,34,1,11.39,clear sky
329,Deputatskiy,RU,69.3,139.9,11.19,93,100,4.47,overcast clouds
330,Clifton,US,40.8584,-74.1638,60.44,67,0,8.05,clear sky
331,Parvatipuram,IN,18.7833,83.4333,75.81,93,9,2.01,clear sky
332,Bargarh,IN,21.3333,83.6167,77.54,81,0,2.33,clear sky
333,Orlovskiy,RU,46.8714,42.0592,52.36,44,85,13.09,overcast clouds
334,Langham,CA,52.3668,-106.9679,31.84,45,100,4.61,overcast clouds
335,San Cristobal,VE,7.7669,-72.225,73.58,50,72,4.92,broken clouds
336,Umm Bab,QA,25.2142,50.8072,89.08,36,0,10.85,clear sky
337,Haines Junction,CA,60.7522,-137.5108,46.35,81,100,8.05,overcast clouds
338,Vancouver,CA,49.2497,-123.1193,63.55,62,0,2.3,clear sky
339,Buchanan,LR,5.8808,-10.0467,79.99,79,84,9.78,light rain
340,Ulaangom,MN,49.9811,92.0667,33.37,55,73,1.25,broken clouds
341,Ferme-Neuve,CA,46.7001,-75.4493,45.77,66,40,8.32,scattered clouds
342,Anqing,CN,30.5092,117.0506,65.43,51,0,8.79,clear sky
343,Broken Hill,AU,-31.95,141.4333,59.79,54,2,12.46,clear sky
344,Tasiilaq,GL,65.6145,-37.6368,23.11,62,39,3.04,scattered clouds
345,Arona,ES,28.0996,-16.681,73.92,72,20,14.97,few clouds
346,Florence,IT,43.7667,11.25,76.68,72,0,2.3,clear sky
347,Kindu,CD,-2.95,25.95,74.8,78,100,3.76,overcast clouds
348,Skerries,IE,53.5828,-6.1083,54.0,71,100,12.12,overcast clouds
349,Goderich,CA,43.7501,-81.7165,50.92,71,70,14.97,broken clouds
350,Rocha,UY,-34.4833,-54.3333,57.45,93,100,17.67,overcast clouds
351,Cidreira,BR,-30.1811,-50.2056,63.97,95,100,10.76,overcast clouds
352,Kijang,KR,35.2442,129.2139,64.13,74,6,3.91,clear sky
353,Sur,OM,22.5667,59.5289,81.36,43,93,1.23,overcast clouds
354,Snezhnogorsk,RU,69.1933,33.2531,47.98,86,95,12.17,overcast clouds
355,Port Pirie,AU,-33.1833,138.0167,55.13,63,31,7.78,scattered clouds
356,Santa Cruz,BO,-17.8,-63.1667,84.25,39,20,18.41,few clouds
357,Walvis Bay,NA,-22.9575,14.5053,68.95,60,20,10.36,few clouds
358,Pacifica,US,37.6138,-122.4869,62.58,83,100,6.91,mist
359,Parry Sound,CA,45.3501,-80.033,49.91,87,99,13.76,overcast clouds
360,Mount Pleasant,US,32.7941,-79.8626,74.07,65,0,6.91,clear sky
361,Blagoyevo,RU,63.3667,47.9167,43.41,92,100,5.93,overcast clouds
362,Vyshchetarasivka,UA,47.5685,34.881,55.89,61,18,11.7,few clouds
363,Berezovyy,RU,51.6667,135.7,34.74,67,80,3.89,broken clouds
364,Xiamen,CN,24.4798,118.0819,80.65,65,75,20.13,broken clouds
365,Digby,CA,44.6169,-65.7655,61.75,84,89,4.7,overcast clouds
366,Qiongshan,CN,20.0058,110.3542,76.98,53,0,6.71,clear sky
367,Houston,US,29.7633,-95.3633,83.98,75,0,9.22,clear sky
368,Verkhnevilyuysk,RU,63.4453,120.3167,30.7,92,100,5.84,overcast clouds
369,Binzhou,CN,37.3667,118.0167,52.12,38,0,3.94,clear sky
370,Colares,PT,38.7992,-9.4469,74.34,75,20,11.99,few clouds
371,Norman Wells,CA,65.282,-126.8329,30.24,80,75,11.5,broken clouds
372,Okoneshnikovo,RU,54.8377,75.0834,45.73,71,96,5.77,overcast clouds
373,Saskylakh,RU,71.9167,114.0833,19.15,90,97,19.35,overcast clouds
374,Aasiaat,GL,68.7098,-52.8699,31.96,69,100,8.32,overcast clouds
375,Atambua,ID,-9.1061,124.8925,76.8,83,100,2.62,overcast clouds
376,Malakal,SS,9.5334,31.6605,83.52,66,82,2.59,broken clouds
377,Ardesen,TR,41.1911,40.9875,65.5,82,63,1.54,broken clouds
378,Manzhouli,CN,49.6,117.4333,29.64,45,3,7.85,clear sky
379,Marsh Harbour,BS,26.5412,-77.0636,81.07,60,6,17.65,clear sky
380,Massaguet,TD,12.4755,15.4365,99.01,12,79,10.54,broken clouds
381,Nyurba,RU,63.2842,118.3319,30.6,94,100,7.74,overcast clouds
382,Rogovatoye,RU,51.23,38.3818,42.33,65,5,5.59,clear sky
383,Luba,GQ,3.4568,8.5547,84.09,87,99,4.21,overcast clouds
384,Oriximina,BR,-1.7656,-55.8661,92.39,49,93,3.76,overcast clouds
385,Saint George,US,37.1041,-113.5841,61.79,55,0,3.44,clear sky
386,Petropavlovsk-Kamchatskiy,RU,53.0452,158.6483,25.39,80,0,4.47,clear sky
387,Colborne,CA,44.0001,-77.8828,53.74,65,21,13.73,few clouds
388,Pangkalanbuun,ID,-2.6833,111.6167,76.1,95,100,1.72,moderate rain
389,Tabou,CI,4.423,-7.3528,79.47,79,100,9.06,overcast clouds
390,Amilly,FR,47.9728,2.7719,78.15,57,53,10.92,broken clouds
391,Taitung,TW,22.7583,121.1444,78.89,86,99,9.22,overcast clouds
392,Acarau,BR,-2.8856,-40.12,89.53,52,11,18.16,few clouds
393,Kavaratti,IN,10.5669,72.642,82.06,72,100,2.24,overcast clouds
394,Port Hardy,CA,50.6996,-127.4199,44.78,100,20,2.3,few clouds
395,Banda Aceh,ID,5.5577,95.3222,77.56,79,100,12.01,light rain
396,Karratha,AU,-20.7377,116.8463,75.52,56,3,15.61,clear sky
397,Charters Towers,AU,-20.1,146.2667,71.56,81,100,14.25,overcast clouds
398,Callaguip,PH,18.0714,120.4867,79.43,82,100,17.45,overcast clouds
399,Gwadar,PK,25.1216,62.3254,81.0,67,0,11.05,clear sky
400,Isangel,VU,-19.55,169.2667,72.21,71,31,5.39,scattered clouds
401,Bilibino,RU,68.0546,166.4372,-12.84,100,98,2.66,overcast clouds
402,Havelock,US,34.8791,-76.9013,74.98,60,0,14.97,clear sky
403,Buala,SB,-8.145,159.5921,79.3,80,46,4.21,light rain
404,Menongue,AO,-14.6585,17.691,77.56,38,96,10.8,overcast clouds
405,Patitirion,GR,39.15,23.8667,60.37,59,0,19.26,clear sky
406,Mariental,NA,-24.6333,17.9667,79.41,33,68,20.6,broken clouds
407,Hailar,CN,49.2,119.7,29.84,60,71,7.58,broken clouds
408,Sokoto,NG,13.0609,5.239,96.17,15,96,7.18,overcast clouds
409,Adrar,MR,20.5022,-10.0711,98.92,18,8,8.59,clear sky
410,Mackay,AU,-21.15,149.2,72.68,81,75,6.26,broken clouds
411,Merauke,ID,-8.4667,140.3333,79.32,91,100,11.97,overcast clouds
412,Port Shepstone,ZA,-30.7414,30.455,68.29,80,100,20.56,moderate rain
413,Kupang,ID,-10.1667,123.5833,81.82,80,90,9.37,overcast clouds
414,Tupiza,BO,-21.45,-65.7167,67.84,18,29,6.64,scattered clouds
415,Synya,RU,65.3718,58.0387,37.2,98,100,4.54,overcast clouds
416,Victor Harbor,AU,-35.5667,138.6167,53.67,90,36,7.16,scattered clouds
417,Clyde River,CA,70.4692,-68.5914,35.83,75,75,4.61,broken clouds
418,Vanimo,PG,-2.6741,141.3028,78.39,87,51,3.36,broken clouds
419,Nome,US,64.5011,-165.4064,27.16,81,100,7.76,overcast clouds
420,Ponta Delgada,PT,37.7333,-25.6667,69.49,52,20,10.36,few clouds
421,Tailai,CN,46.3833,123.4,39.58,50,5,12.55,clear sky
422,Miraflores,MX,19.2167,-98.8083,67.96,68,27,2.01,scattered clouds
423,Daugavpils,LV,55.8833,26.5333,53.65,79,100,12.06,overcast clouds
424,Touros,BR,-5.1989,-35.4608,85.48,57,4,19.62,clear sky
425,Kimbe,PG,-5.5502,150.1429,76.15,92,100,3.47,overcast clouds
426,Providencia,MX,28.7167,-111.5833,70.21,60,22,3.42,few clouds
427,Lethem,GY,3.3803,-59.7968,91.45,47,63,7.99,broken clouds
428,Puerto Vallarta,MX,20.6204,-105.2307,82.9,83,94,2.08,light rain
429,Sabha,LY,27.0377,14.4283,81.73,34,73,11.01,broken clouds
430,Noumea,NC,-22.2763,166.4572,67.98,75,0,5.3,clear sky
431,Ambilobe,MG,-13.2,49.05,75.7,68,81,3.09,light rain
432,Gravdal,NO,68.1214,13.5031,46.65,78,100,8.23,overcast clouds
433,Miyazu,JP,35.5333,135.1833,63.5,92,96,4.36,overcast clouds
434,Thanh Hoa,VN,19.8,105.7667,72.45,68,100,4.32,overcast clouds
435,Ngunguru,NZ,-35.6167,174.5,51.08,86,22,6.06,few clouds
436,Turayf,SA,31.6725,38.6637,88.05,22,0,20.71,clear sky
437,Lagoa,PT,39.05,-27.9833,63.32,56,100,16.4,overcast clouds
438,Nemuro,JP,43.3236,145.575,58.95,88,100,12.59,heavy intensity rain
439,Mount Isa,AU,-20.7333,139.5,74.97,83,40,4.61,light rain
440,Gunnedah,AU,-30.9833,150.25,50.52,84,2,2.26,clear sky
441,Tomatlan,MX,19.9333,-105.25,81.37,79,24,1.41,few clouds
442,Viernheim,DE,49.5417,8.5786,70.52,79,20,3.44,few clouds
443,Chincha Alta,PE,-13.4099,-76.1323,63.19,63,86,7.09,overcast clouds
444,Laje,BR,-10.1833,-40.9667,87.71,26,2,13.13,clear sky
445,Barra Do Bugres,BR,-15.0725,-57.1811,102.65,23,12,2.98,few clouds
446,Bahia Honda,CU,22.9036,-83.1592,82.85,74,0,7.16,clear sky
447,Atlantic City,US,39.3643,-74.4229,62.98,61,0,9.22,clear sky
448,Ndola,ZM,-12.9587,28.6366,89.17,13,6,5.08,clear sky
449,Malartic,CA,48.1335,-78.1328,41.11,92,100,7.23,overcast clouds
450,Dosso,NE,13.049,3.1937,98.02,20,24,6.08,few clouds
451,Lamu,KE,-2.2717,40.902,80.82,80,99,11.45,overcast clouds
452,Ternate,ID,0.8,127.4,82.33,79,70,3.85,broken clouds
453,Senneterre,CA,48.3835,-77.2328,39.65,83,98,7.65,overcast clouds
454,Atikokan,CA,48.7555,-91.6216,34.16,97,100,7.18,light snow
455,Kampot,KH,10.6167,104.1833,75.25,88,14,4.18,few clouds
456,Westlock,CA,54.1502,-113.8688,37.89,45,98,7.43,overcast clouds
457,Riberalta,BO,-10.9833,-66.1,84.4,74,75,6.91,broken clouds
458,Prince George,CA,53.9166,-122.753,43.63,100,100,5.01,mist
459,Port Hedland,AU,-20.3167,118.5667,75.25,60,0,11.5,clear sky
460,Vestmanna,FO,62.1564,-7.1664,45.52,87,75,10.36,light rain
461,Kaman,IN,27.65,77.2667,81.77,39,0,2.01,clear sky
462,Barcelona,ES,41.3888,2.159,84.18,78,20,9.22,few clouds
463,Vestmannaeyjar,IS,63.4427,-20.2734,40.19,65,75,28.77,broken clouds
464,San Juan,AR,-31.5375,-68.5364,74.48,15,0,3.62,clear sky
465,Guadix,ES,37.2993,-3.1392,81.12,22,100,6.49,overcast clouds
466,Mazatlan,MX,23.2167,-106.4167,81.01,87,66,1.99,broken clouds
467,Sangar,RU,63.9242,127.4739,21.47,95,98,3.33,overcast clouds
468,Dalbandin,PK,28.8947,64.4101,77.45,9,0,2.46,clear sky
469,Nanakuli,US,21.3906,-158.1547,78.12,73,100,3.44,overcast clouds
470,Fairlie,GB,55.756,-4.8556,54.23,76,77,5.01,broken clouds
471,Bethal,ZA,-26.4579,29.4655,75.54,30,100,6.87,overcast clouds
472,Tiassale,CI,5.8983,-4.8283,82.04,83,96,0.87,light rain
473,Teya,RU,60.3778,92.6267,30.69,79,97,3.33,overcast clouds
474,Praya,CV,14.9215,-23.5087,84.74,54,20,10.36,few clouds
475,Parrita,CR,9.5201,-84.3225,78.78,85,100,2.3,overcast clouds
476,Ukhta,RU,63.5671,53.6835,41.76,93,100,4.76,overcast clouds
477,Empangeni,ZA,-28.762,31.8933,69.6,67,99,9.78,overcast clouds
478,Leshukonskoye,RU,64.8989,45.7622,43.21,94,94,7.52,overcast clouds
479,West Bay,KY,19.3667,-81.4167,87.06,75,20,6.91,few clouds
480,Lucapa,AO,-8.4192,20.7447,83.19,43,51,8.1,broken clouds
481,Castle Douglas,GB,54.9409,-3.9278,52.21,73,100,8.84,overcast clouds
482,Gat,IL,31.61,34.7642,83.39,37,0,7.56,clear sky
483,Ahuimanu,US,21.4447,-157.8378,77.86,79,41,9.42,scattered clouds
484,Sao Sebastiao,BR,-23.76,-45.4097,77.4,67,82,7.34,broken clouds
485,Quatre Cocos,MU,-20.2078,57.7625,73.51,76,84,10.0,broken clouds
486,Araxa,BR,-19.5933,-46.9406,76.96,50,20,9.22,few clouds
487,Dunedin,NZ,-45.8742,170.5036,50.81,87,74,8.01,broken clouds
488,Awjilah,LY,29.1081,21.2869,79.88,34,0,12.28,clear sky
489,Berbera,SO,10.4396,45.0143,85.15,62,6,10.96,clear sky
490,Tankhoy,RU,51.5528,105.1306,33.35,60,12,6.22,few clouds
491,Tiznit,MA,29.5833,-9.5,87.22,24,81,17.9,broken clouds
492,Linjiang,CN,41.8069,126.9078,35.46,72,1,2.08,clear sky
493,Atasu,KZ,48.6814,71.6433,48.15,73,96,14.54,overcast clouds
494,Abha,SA,18.2164,42.5053,75.02,46,40,6.91,scattered clouds
495,Raudeberg,NO,61.9875,5.1352,50.67,60,100,7.81,overcast clouds
496,Suntar,RU,62.1444,117.6319,31.69,89,100,8.7,overcast clouds
497,Arlit,NE,18.7369,7.3853,98.08,10,0,10.8,clear sky
498,Bushenyi,UG,-0.5853,30.2114,69.1,75,89,5.93,light rain
499,Chumphon,TH,10.3333,98.8333,71.33,95,97,1.41,overcast clouds
500,Galiakot,IN,23.5167,74.0,76.15,46,3,6.8,clear sky
501,San Andres,CO,12.5847,-81.7006,86.02,74,75,11.5,broken clouds
502,Almonte,ES,37.2647,-6.5167,86.29,24,100,0.87,overcast clouds
503,Naze,JP,28.3667,129.4833,77.92,85,100,3.2,overcast clouds
504,Moree,AU,-29.4667,149.85,56.19,70,0,9.69,clear sky
505,Tsybli,UA,49.9948,31.5628,49.23,50,0,6.8,clear sky
506,Along,IN,28.1667,94.7667,67.37,80,0,2.33,clear sky
507,Waingapu,ID,-9.6567,120.2641,82.02,78,61,8.12,broken clouds
508,Beringovskiy,RU,63.05,179.3167,24.49,80,100,17.74,overcast clouds
509,Kasempa,ZM,-13.4584,25.8338,92.21,11,3,6.06,clear sky
510,Sungai Petani,MY,5.647,100.4877,79.18,95,100,3.33,overcast clouds
511,Hami,CN,42.8,93.45,58.64,21,3,4.88,clear sky
512,Redmond,US,47.674,-122.1215,60.76,74,4,2.71,clear sky
513,Inirida,CO,3.8653,-67.9239,74.71,96,100,3.62,overcast clouds
514,Kaya,BF,13.0917,-1.0844,96.01,26,30,3.51,scattered clouds
515,Shimoda,JP,34.6667,138.95,67.1,83,100,3.71,overcast clouds
516,Fairbanks,US,64.8378,-147.7164,33.1,84,100,3.38,overcast clouds
517,Ascension,US,30.2169,-90.9001,79.0,90,0,0.0,clear sky
518,Qui Nhon,VN,13.7667,109.2333,77.52,86,100,12.71,overcast clouds
519,Ondjiva,AO,-17.0667,15.7333,86.97,27,94,3.33,overcast clouds
520,Pierre,US,44.3683,-100.351,45.05,67,18,5.99,few clouds
521,Kitui,KE,-1.367,38.0106,78.58,37,95,11.68,overcast clouds
522,Auki,SB,-8.7676,160.7034,76.5,87,78,4.29,broken clouds
523,Bose,IT,45.4612,8.0137,69.3,71,63,2.28,broken clouds
524,Kongoussi,BF,13.3258,-1.5347,95.67,27,29,4.63,scattered clouds
525,Birao,CF,10.2849,22.7882,85.46,48,100,2.77,overcast clouds
526,Bud,US,39.447,-86.1758,59.86,51,78,7.25,broken clouds
527,Campo Grande,BR,-20.4428,-54.6464,85.55,48,0,3.44,clear sky
528,Liwale,TZ,-9.7667,37.9333,82.47,36,86,9.1,overcast clouds
529,Almeirim,BR,-1.5233,-52.5817,93.45,45,94,4.0,overcast clouds
530,North Bend,US,43.4065,-124.2243,55.85,97,100,6.91,overcast clouds
531,Komsomolskiy,UZ,40.4272,71.7189,66.92,30,32,2.3,scattered clouds
532,Port Lincoln,AU,-34.7333,135.8667,55.9,85,77,13.67,broken clouds
533,Salinopolis,BR,-0.6136,-47.3561,84.13,72,73,11.34,broken clouds
534,Bermeo,ES,43.4209,-2.7215,82.4,53,77,6.22,broken clouds
535,La Paz,BO,-16.5,-68.15,51.13,62,82,11.32,broken clouds
536,Havoysund,NO,70.9963,24.6622,46.63,90,97,14.76,overcast clouds
537,Tam Ky,VN,15.5667,108.4833,73.15,89,100,6.53,overcast clouds
538,Santa Maria,BR,-29.6842,-53.8069,69.1,73,40,3.44,scattered clouds
539,Cayenne,GF,4.9333,-52.3333,89.64,58,0,10.36,clear sky
540,Tomiya,JP,38.3931,140.8861,61.66,90,82,2.3,broken clouds
541,Rioja,AR,-29.4111,-66.8507,72.77,42,0,5.95,clear sky
542,Nadym,RU,65.5333,72.5167,38.84,87,100,3.11,overcast clouds
543,Honningsvag,NO,70.9821,25.9704,46.15,81,40,14.97,scattered clouds
544,Rivadavia,AR,-33.1905,-68.4608,74.64,25,1,8.46,clear sky
545,Gallup,US,35.5281,-108.7426,48.04,93,100,9.22,mist
546,Zaranj,AF,30.9667,61.8833,87.76,12,0,15.21,clear sky
547,Aloleng,PH,16.1307,119.7824,80.92,82,100,14.09,overcast clouds
548,Maceio,BR,-9.6658,-35.7353,83.64,57,75,14.97,broken clouds
549,Vuktyl,RU,63.8567,57.3094,38.32,96,92,3.31,overcast clouds
550,Beruwala,LK,6.4788,79.9828,77.97,86,98,4.61,heavy intensity rain
551,Codrington,AU,-38.2667,141.9667,41.43,90,43,4.72,scattered clouds
552,Port Blair,IN,11.6667,92.75,82.44,83,40,0.0,mist
553,Cam Ranh,VN,11.9214,109.1591,78.76,89,75,13.8,broken clouds
554,Kalabo,ZM,-14.97,22.6814,97.75,8,16,4.83,few clouds
555,Ziarat,PK,30.3823,67.7282,56.03,19,0,1.79,clear sky
556,Khani,GE,41.9563,42.9566,60.37,88,38,4.76,scattered clouds
557,Puerto Baquerizo Moreno,EC,-0.9,-89.6,67.19,83,100,13.8,overcast clouds
558,Poum,NC,-20.2333,164.0167,75.18,68,43,16.98,scattered clouds
559,Aviles,ES,43.5547,-5.9248,78.37,64,0,1.14,light rain
560,Bukama,CD,-9.2,25.85,94.62,27,54,9.1,broken clouds
561,Ales,FR,44.1333,4.0833,72.68,71,89,11.21,overcast clouds
562,Rapid Valley,US,44.0625,-103.1463,43.43,85,4,11.01,clear sky
563,Grand Gaube,MU,-20.0064,57.6608,73.8,70,81,1.99,broken clouds
564,Lata,PT,40.1629,-8.3327,75.07,53,72,8.79,broken clouds
565,Ketchikan,US,55.3422,-131.6461,52.27,100,0,9.22,mist
566,Broome,US,42.2506,-75.833,53.19,77,78,4.0,broken clouds
567,Camabatela,AO,-8.1881,15.375,75.16,62,64,3.6,light rain
568,Luwuk,ID,-0.9516,122.7875,78.42,86,72,3.13,broken clouds
569,Katyuzhanka,UA,50.806,30.1376,51.58,56,2,6.29,clear sky
570,Ulagan,RU,50.6321,87.9563,40.32,40,75,3.33,broken clouds
571,Sveio,NO,59.5419,5.3518,49.53,84,95,25.1,light rain
572,Acapulco,MX,16.8634,-99.8901,81.99,79,98,1.36,overcast clouds
573,Kasongo-Lunda,CD,-6.4667,16.8167,88.41,42,86,5.41,overcast clouds
574,Lewiston,US,44.1003,-70.2148,62.71,92,40,4.61,scattered clouds
575,Lanzhou,CN,36.0564,103.7922,54.57,32,0,3.53,clear sky
576,Los Llanos De Aridane,ES,28.6585,-17.9182,73.15,81,40,8.01,scattered clouds
577,Ishigaki,JP,24.3448,124.1572,82.53,94,20,11.5,few clouds
578,Mormugao,IN,15.4,73.8,76.26,94,75,9.22,light intensity drizzle
579,Saraland,US,30.8207,-88.0706,76.5,79,12,2.57,few clouds
580,Mattru,SL,7.6244,-11.8332,76.68,93,100,3.06,moderate rain
581,Aswan,EG,24.0934,32.907,94.33,16,45,11.32,scattered clouds
582,Viransehir,TR,37.2353,39.7631,78.4,26,13,2.75,few clouds
583,Jumla,NP,29.2747,82.1838,50.14,89,9,3.78,clear sky
584,Mokrous,RU,51.2333,47.5167,42.85,58,66,5.48,broken clouds
585,Nioro,GM,13.35,-15.75,89.78,53,20,3.31,few clouds
586,Kloulklubed,PW,7.0419,134.2556,84.18,75,100,12.33,overcast clouds
587,Rio Grande,BR,-32.035,-52.0986,66.31,85,84,7.78,broken clouds
588,Guangyuan,CN,32.442,105.823,59.74,57,98,4.47,overcast clouds
589,Chumikan,RU,54.7183,135.315,35.44,67,100,10.87,overcast clouds
590,College,US,64.8569,-147.8028,33.08,85,100,3.36,overcast clouds
591,Buin,CL,-33.7333,-70.75,76.87,36,5,3.04,clear sky
592,Flinders,AU,-34.5833,150.8552,61.18,82,97,5.99,light rain
593,Manavgat,TR,36.7867,31.4431,68.02,79,100,10.4,overcast clouds
594,Ossora,RU,59.2353,163.0719,29.1,67,45,4.52,scattered clouds
595,Schio,IT,45.7124,11.3574,74.21,75,64,4.0,broken clouds
596,Denpasar,ID,-8.65,115.2167,82.06,94,40,13.8,scattered clouds
597,Vetis,RO,47.8,22.7667,66.22,56,39,1.14,scattered clouds
598,Karasburg,NA,-28.0167,18.75,71.26,56,94,19.26,light rain
599,Hualmay,PE,-11.0964,-77.6139,66.2,72,40,10.63,scattered clouds
600,Axim,GH,4.8699,-2.2405,80.28,78,93,6.96,moderate rain
601,Adeje,ES,28.1227,-16.726,78.1,73,20,14.97,few clouds
602,Fez,MA,34.0372,-4.9998,88.05,26,75,11.5,broken clouds
603,Prince Rupert,CA,54.3161,-130.3201,55.09,100,75,4.61,mist
604,Port-Gentil,GA,-0.7193,8.7815,80.56,89,75,9.22,broken clouds
605,Saint-Paul,RE,-21.0096,55.2707,73.51,77,39,4.16,light rain
606,Port Keats,AU,-14.25,129.55,83.39,76,100,4.85,overcast clouds
607,Sucua,EC,-2.4667,-78.1667,68.74,88,40,3.44,fog
608,Nizwa,OM,22.9333,57.5333,84.97,20,83,2.98,broken clouds
609,Vila,PT,42.0304,-8.1588,52.68,95,100,5.99,overcast clouds
610,Bhadasar,IN,28.2833,74.3167,83.95,20,0,6.64,clear sky
611,Viedma,AR,-40.8135,-62.9967,72.37,24,89,5.61,overcast clouds
612,Bac Lieu,VN,9.285,105.7244,78.17,85,14,5.5,few clouds
613,Zhangjiakou,CN,40.81,114.8794,39.43,21,0,11.03,clear sky
614,Murray Bridge,AU,-35.1167,139.2667,53.33,92,33,2.15,scattered clouds
615,Boa Vista,BR,2.8197,-60.6733,87.78,55,75,9.22,broken clouds
616,Caxito,AO,-8.5785,13.6643,86.34,53,64,11.92,broken clouds
617,Ubala,CO,4.7478,-72.5369,80.65,73,97,7.52,overcast clouds
618,Eureka,US,40.8021,-124.1637,56.01,86,2,1.01,clear sky
619,Oistins,BB,13.0667,-59.5333,87.89,70,40,10.36,scattered clouds
620,Pasighat,IN,28.0667,95.3333,72.36,83,0,4.16,clear sky
621,Kalas,IN,18.1667,74.8,75.2,83,88,9.91,moderate rain
622,Pietarsaari,FI,63.65,22.6833,50.13,88,57,15.12,broken clouds
623,Miyako,JP,39.6367,141.9525,58.05,87,99,6.58,overcast clouds
624,Zhanaozen,KZ,43.3,52.8,60.71,40,99,16.84,overcast clouds
625,Temiscaming,CA,46.7212,-79.0971,42.35,93,98,3.44,light rain
626,Walcz,PL,53.2779,16.4712,63.43,72,91,9.48,overcast clouds
627,Alofi,NU,-19.0595,-169.9187,73.29,94,12,4.61,few clouds
628,Payakumbuh,ID,-0.2202,100.6308,70.75,97,100,3.06,light rain
629,Chicama,PE,-7.8447,-79.1469,59.54,64,90,8.25,overcast clouds
630,Mago,RU,53.2514,140.1822,34.38,97,72,9.13,light snow
631,Mitsamiouli,KM,-11.3847,43.2844,82.69,57,20,12.66,light rain
632,Soe,ID,-9.8607,124.284,70.38,86,100,3.98,overcast clouds
633,Umm Lajj,SA,25.0213,37.2685,83.98,62,10,7.47,clear sky
634,Bafra,TR,41.5678,35.9069,65.82,82,100,3.85,overcast clouds
635,Wanning,CN,18.8003,110.3967,72.72,67,72,8.81,broken clouds
636,Yar-Sale,RU,66.8333,70.8333,38.88,96,100,4.16,overcast clouds
637,Tabas,IR,33.5959,56.9244,88.02,9,0,4.61,clear sky
638,Baykit,RU,61.67,96.37,29.64,85,85,2.66,overcast clouds
639,Gondanglegi,ID,-7.7479,112.0132,77.07,85,100,13.85,overcast clouds
640,Jackson,US,42.4165,-122.8345,54.05,50,0,2.13,clear sky
641,Tshikapa,CD,-6.4167,20.8,83.73,59,91,5.35,overcast clouds
642,Villaviciosa,ES,43.4813,-5.4357,78.6,95,65,5.23,broken clouds
643,Bartica,GY,6.4,-58.6167,89.92,50,99,3.56,overcast clouds
644,Santa Isabel Do Rio Negro,BR,-0.4139,-65.0192,88.38,60,98,0.85,overcast clouds
645,Fairmont,US,39.4851,-80.1426,59.23,71,7,1.99,clear sky
646,Husavik,IS,66.0449,-17.3389,37.4,99,100,19.66,overcast clouds
647,Seoul,KR,37.5683,126.9778,60.24,88,75,2.3,broken clouds
648,Half Moon Bay,US,37.4636,-122.4286,63.1,82,100,0.0,mist
649,Banska Stiavnica,SK,48.4486,18.91,58.05,61,51,3.29,broken clouds
650,Ajdabiya,LY,30.7554,20.2263,75.74,54,22,17.18,few clouds
651,Quba,AZ,41.3626,48.5152,53.28,96,100,2.73,light rain
652,Ornskoldsvik,SE,63.2909,18.7153,45.55,87,75,11.5,broken clouds
653,Abu Kamal,SY,34.4506,40.9171,86.05,22,9,7.45,clear sky
654,Jinchang,CN,38.4953,102.1739,49.5,28,0,1.48,clear sky
655,Dire,ML,12.2833,-10.9667,84.42,70,67,4.43,light rain
656,Sungairaya,ID,0.7,108.9,80.19,80,100,3.09,overcast clouds
657,Port Macquarie,AU,-31.4333,152.9167,60.89,91,60,6.44,broken clouds
658,Garango,BF,11.8,-0.5506,92.68,35,69,3.96,broken clouds
659,Gimli,CA,50.6336,-96.9907,33.82,80,100,13.8,overcast clouds
660,Opuwo,NA,-18.0607,13.84,86.34,24,66,18.92,broken clouds
661,Obidos,BR,-1.9175,-55.5181,92.7,47,73,4.94,broken clouds
662,Benicarlo,ES,40.4165,0.4271,77.56,70,35,5.64,scattered clouds
663,Leh,IN,34.1667,77.5833,43.84,32,9,5.66,clear sky
664,Gavle,SE,60.6745,17.1417,54.37,74,100,1.99,overcast clouds
665,Noboribetsu,JP,42.4514,141.1731,58.64,91,100,7.96,overcast clouds
666,Khrebtovaya,RU,56.7032,104.2494,24.55,77,20,3.76,few clouds
667,Harper,LR,4.375,-7.7169,80.42,75,100,8.7,overcast clouds
668,Rio Gallegos,AR,-51.6226,-69.2181,57.25,28,0,5.75,clear sky
669,Robertsport,LR,6.7533,-11.3686,80.04,75,83,8.72,broken clouds
670,Alcaniz,ES,41.05,-0.1333,82.9,33,83,11.25,broken clouds
671,Bytow,PL,54.1706,17.4919,60.21,75,99,7.92,overcast clouds
672,Kamloops,CA,50.6665,-120.3192,43.79,81,0,10.36,clear sky
673,Amazar,RU,53.858,120.875,27.79,58,0,8.41,clear sky
674,Erenhot,CN,43.6475,111.9767,34.56,27,0,8.93,clear sky
675,Ustye,RU,59.6304,39.736,44.64,80,24,10.4,few clouds
676,Hamilton,US,39.1834,-84.5333,61.9,50,80,3.0,broken clouds
677,Ithaca,US,42.4406,-76.4966,57.7,66,51,5.01,broken clouds
678,Angoche,MZ,-16.2325,39.9086,78.28,69,0,11.27,clear sky
679,Boende,CD,-0.2167,20.8667,72.21,96,96,5.88,moderate rain
680,Paramonga,PE,-10.6667,-77.8333,65.44,76,49,10.11,scattered clouds
681,Kidal,ML,18.4411,1.4078,98.69,8,4,10.31,clear sky
682,Qasigiannguit,GL,68.8193,-51.1922,34.41,76,100,3.56,overcast clouds
683,Georgiyevka,KZ,43.0369,74.7114,57.24,44,55,6.71,broken clouds
684,Makakilo City,US,21.3469,-158.0858,76.69,78,7,6.55,clear sky
685,Saint-Augustin,CA,51.226,-58.6502,54.48,65,100,3.44,overcast clouds
686,Benguela,AO,-12.5763,13.4055,78.67,71,62,10.27,broken clouds
687,Mascota,MX,20.5167,-104.7833,69.31,87,92,2.3,overcast clouds
688,Kalmunai,LK,7.4167,81.8167,80.13,81,88,0.69,overcast clouds
689,Bandarbeyla,SO,9.4942,50.8122,78.78,83,35,8.81,scattered clouds
690,Elat,IL,29.5581,34.9482,93.04,24,0,10.36,clear sky
691,Acajutla,SV,13.5928,-89.8275,82.81,74,51,4.59,broken clouds
692,Genhe,CN,50.7833,121.5167,23.58,77,19,4.54,few clouds
